ean,name,brand,category,eu_countries,flag_nc,flag_cf,flag_fragrance_free,nc_basis,cf_basis,fragrance_basis,source_url,notes
5060503753426,Matte dreamer,,unspecified,ES,no,yes,no,,obf-label,,https://world.openbeautyfacts.org/product/5060503753426/matte-dreamer,
3574661680651,Savon à l'ancienne brut,,other,FR,no,no,yes,,,obf-label,https://world.openbeautyfacts.org/product/3574661680651/savon-a-l-ancienne-brut,
0083800049004,7TH Heaven Superfood Pomegranate Peel-Off Mask,7th Heaven,face/skincare,NL,no,yes,no,,leaping-bunny,,https://world.openbeautyfacts.org/product/0083800049004/7th-heaven-superfood-pomegranate-peel-off-mask,OBF-Label crowd-sourced; Siegel vor Launch re-checken
4005900855848,Dark Forest Deodorant,8x4 Men,unspecified,DE,no,yes,no,,obf-label,,https://world.openbeautyfacts.org/product/4005900855848/dark-forest-deodorant-8x4-men,
3282770202120,Protect Crème SPF50+,A-Derma,face/skincare,FR,no,no,yes,,,obf-label,https://world.openbeautyfacts.org/product/3282770202120/protect-creme-spf50-a-derma,
6131645002297,Shampoing Psoriasis,Abusaad Cosmetiques,hair,FR,no,no,yes,,,obf-label,https://world.openbeautyfacts.org/product/6131645002297/shampoing-psoriasis-abusaad-cosmetiques,Kategorie eher nicht Gesicht
7319861018585,Kids Active Sun Lotion SPF 50+,ACO,face/skincare,SE,no,no,yes,,,obf-label,https://world.openbeautyfacts.org/product/7319861018585/kids-active-sun-lotion-spf-50-aco,
7319861018509,Sun face cream,ACO,face/skincare,NL|SE,no,no,yes,,,obf-label,https://world.openbeautyfacts.org/product/7319861018509/sun-face-cream-aco,
3700343040844,Déodorant baume,Acorelle,other-non-face,FR,no,no,yes,,,obf-label,https://world.openbeautyfacts.org/product/3700343040844/deodorant-baume-acorelle,Kategorie eher nicht Gesicht
3770022721098,Savon solide L'agrume Visage - Aleyria Cosmétiques,Aleyria Cosmétiques,face/skincare,FR,no,yes,no,,obf-label,,https://world.openbeautyfacts.org/product/3770022721098/savon-solide-l-agrume-visage-aleyria-cosmetiques,
3770022721029,Savon solide Le Floral - Aleyria Cosmétiques,Aleyria Cosmétiques,other,FR,no,yes,no,,obf-label,,https://world.openbeautyfacts.org/product/3770022721029/savon-solide-le-floral-aleyria-cosmetiques,
3770022721036,Savon solide Le floral Visage - Aleyria Cosmétiques,Aleyria Cosmétiques,face/skincare,FR,no,yes,no,,obf-label,,https://world.openbeautyfacts.org/product/3770022721036/savon-solide-le-floral-visage-aleyria-cosmetiques,
3770022721043,Savon solide Le fraicheur - Aleyria Cosmétiques,Aleyria Cosmétiques,other,FR,no,yes,no,,obf-label,,https://world.openbeautyfacts.org/product/3770022721043/savon-solide-le-fraicheur-aleyria-cosmetiques,
3770022721050,Savon solide Le fraicheur Visage - Aleyria Cosmétiques,Aleyria Cosmétiques,face/skincare,FR,no,yes,no,,obf-label,,https://world.openbeautyfacts.org/product/3770022721050/savon-solide-le-fraicheur-visage-aleyria-cosmetiques,
3770022721005,Savon solide Le Naturel - Aleyria Cosmétiques,Aleyria Cosmétiques,other,FR,no,yes,no,,obf-label,,https://world.openbeautyfacts.org/product/3770022721005/savon-solide-le-naturel-aleyria-cosmetiques,
3770022721012,Savon solide Le Naturel Visage- Aleyria Cosmétiques,Aleyria Cosmétiques,face/skincare,FR,no,yes,no,,obf-label,,https://world.openbeautyfacts.org/product/3770022721012/savon-solide-le-naturel-visage-aleyria-cosmetiques,
3770022721067,Savon solide Le Provençal - Aleyria Cosmétiques,Aleyria Cosmétiques,other,FR,no,yes,no,,obf-label,,https://world.openbeautyfacts.org/product/3770022721067/savon-solide-le-provencal-aleyria-cosmetiques,
3770022721074,Savon solide Le Provençal Visage - Aleyria Cosmétiques,Aleyria Cosmétiques,face/skincare,FR,no,yes,no,,obf-label,,https://world.openbeautyfacts.org/product/3770022721074/savon-solide-le-provencal-visage-aleyria-cosmetiques,
3760075074227,Spray solaire bébé 100 % naturel* haute protection - 50 sensible,Alphanova Sun,face/skincare,FR,no,no,yes,,,obf-label,https://world.openbeautyfacts.org/product/3760075074227/spray-solaire-bebe-100-naturel-haute-protection-50-sensible-alphanova-sun,
4260167182445,Classic - soin hydratant à l'huile de jojoba bio,Alviana,other,FR,no,no,yes,,,obf-label,https://world.openbeautyfacts.org/product/4260167182445/classic-soin-hydratant-a-l-huile-de-jojoba-bio-alviana,
7313272135244,Solcreme ansikte SPF 30,apoteket,face/skincare,SE,no,no,yes,,,obf-label,https://world.openbeautyfacts.org/product/7313272135244/solcreme-ansikte-spf-30-apoteket,
7313272150896,Solcreme ansikte SPF 50,apoteket,face/skincare,SE,no,no,yes,,,obf-label,https://world.openbeautyfacts.org/product/7313272150896/solcreme-ansikte-spf-50-apoteket,
7313272153712,Solfluid ansikte,apoteket,face/skincare,SE,no,no,yes,,,obf-label,https://world.openbeautyfacts.org/product/7313272153712/solfluid-ansikte-apoteket,
7313272135268,Sollotion högt skydd SPF 30,apoteket,face/skincare,SE,no,no,yes,,,obf-label,https://world.openbeautyfacts.org/product/7313272135268/sollotion-hogt-skydd-spf-30-apoteket,
7313272139747,Sollotion SPF 30,apoteket,face/skincare,SE,no,no,yes,,,obf-label,https://world.openbeautyfacts.org/product/7313272139747/sollotion-spf-30-apoteket,
7313272150940,Solspray SPF 30,apoteket,face/skincare,SE,no,no,yes,,,obf-label,https://world.openbeautyfacts.org/product/7313272150940/solspray-spf-30-apoteket,
00000859,Base lavante,aroma-zone,other,FR,no,no,yes,,,obf-label,https://world.openbeautyfacts.org/product/00000859/base-lavante-neutre-douce-aroma-zone,
8436024790016,Gel aloe Vera puro,Atlantia,face/skincare,ES,no,no,yes,,,obf-label,https://world.openbeautyfacts.org/product/8436024790016/gel-aloe-vera-puro-atlantia,
3282779316392,Réparateur après-soleil,Avene,face/skincare,FR,yes,no,no,obf-label,,,https://world.openbeautyfacts.org/product/3282779316392/reparateur-apres-soleil-avene,
3282770138801,Avène Tolérance CONTROL Creme,Avène,face/skincare,DE|AT|FR|EU,no,no,yes,,,claim,https://www.eau-thermale-avene.de/p/tolerance-control-creme-3282770138801-0c591b54,Claim: 'Ohne Duftstoffe'; INCI ohne Parfum/Fragrance auf Markenseite; kein NC-Claim gefunden → NC=no
3282779002738,Cold Cream - crème,Avène,face/skincare,FR,yes,no,no,obf-label,,,https://world.openbeautyfacts.org/product/3282779002738/cold-cream-creme-avene,
3282779059848,Eluage Crème anti-âge restructurant,Avène,face/skincare,FR,yes,no,no,obf-label,,,https://world.openbeautyfacts.org/product/3282779059848/eluage-creme-anti-age-restructurant-avene,
3282770073478,Soin lèvres sensibles,Avène,face/skincare,FR,yes,no,no,obf-label,,,https://world.openbeautyfacts.org/product/3282770073478/soin-levres-sensibles-avene,
3282770100402,Trixera,Avène,face/skincare,FR,yes,no,no,obf-label,,,https://world.openbeautyfacts.org/product/3282770100402/trixera-avene,
3282779363815,Très Haute Protection Spray 50+ SPF,Avène,face/skincare,FR,yes,no,no,obf-label,,,https://world.openbeautyfacts.org/product/3282779363815/tres-haute-protection-spray-50-spf-avene,
3282779405485,Xeracalm A.D. Baume relipidant,Avène,face/skincare,FR,yes,no,no,obf-label,,,https://world.openbeautyfacts.org/product/3282779405485/xeracalm-a-d-baume-relipidant-avene,
07581365,Ysthéal +,Avène,face/skincare,FR,yes,no,no,obf-label,,,https://world.openbeautyfacts.org/product/07581365/ystheal-avene,
3282770037005,Ysthéal Intense concentré antirides rénovateur de peau,Avène,face/skincare,FR,yes,no,yes,obf-label,,obf-label,https://world.openbeautyfacts.org/product/3282770037005/ystheal-intense-concentre-antirides-renovateur-de-peau-avene,
4010355322975,After Shave Balm ultra sensitive,Balea,other,DE,no,no,yes,,,obf-label,https://world.openbeautyfacts.org/product/4010355322975/after-shave-balm-ultra-sensitive-balea,
4067796072402,ultra sensitive after shave balsam,balea,other,DE,no,no,yes,,,obf-label,https://world.openbeautyfacts.org/product/4067796072402/ultra-sensitive-after-shave-balsam-balea,
20174026,Sensitive Lingettes Nettoyantes pour peaux sèches et sensibles,Beauty Iseree,other,FR,no,no,yes,,,obf-label,https://world.openbeautyfacts.org/product/20174026/sensitive-lingettes-nettoyantes-pour-peaux-seches-et-sensibles-beauty-iseree,
4005900261038,NIVEA SUN Protect & Sensitive Sun Lotion SPF 30,Beiersdorf,face/skincare,SE,no,no,yes,,,obf-label,https://world.openbeautyfacts.org/product/4005900261038/nivea-sun-protect-sensitive-sun-lotion-spf-30-beiersdorf,
4005900127365,Protect & Sensitive 50,Beiersdorf,face/skincare,FR,no,no,yes,,,obf-label,https://world.openbeautyfacts.org/product/4005900127365/protect-sensitive-50-beiersdorf,
8480010207170,Natural Crema de Manos,Belle,face/skincare,ES,no,no,yes,,,obf-label,https://world.openbeautyfacts.org/product/8480010207170/natural-crema-de-manos-belle,
4260491220899,Pink Grapefruit,Ben&Anna,other-non-face,DE,no,yes,no,,obf-label,,https://world.openbeautyfacts.org/product/4260491220899/pink-grapefruit-ben-anna,Kategorie eher nicht Gesicht
6414504296106,Suihkusaippua,Berner,face/skincare,FI,no,no,yes,,,obf-label,https://world.openbeautyfacts.org/product/6414504296106/suihkusaippua-berner,
7898302722118,Cera Depilatória Bio Soft Natural de Mel,Bio Soft,hair,NL,no,yes,no,,obf-label,,https://world.openbeautyfacts.org/product/7898302722118/cera-depilatoria-bio-soft-natural-de-mel,Kategorie eher nicht Gesicht
3515451118107,shampoing cheveux normaux,bio-secure,other,FR,no,yes,no,,obf-label,,https://world.openbeautyfacts.org/product/3515451118107/shampoing-cheveux-normaux-bio-secure,
3329310002113,Masque visage purifiant Argile verte,Biocos,face/skincare,FR,no,no,yes,,,obf-label,https://world.openbeautyfacts.org/product/3329310002113/masque-visage-purifiant-argile-verte-biocos,
3401573670053,Créaline TS H2O Solution micellaire,Bioderma,face/skincare,FR,no,no,yes,,,obf-label,https://world.openbeautyfacts.org/product/3401573670053/crealine-ts-h2o-solution-micellaire-bioderma,
3401353688513,Photoderm Bronz SPF 50+,Bioderma,face/skincare,FR,yes,no,no,obf-label,,,https://world.openbeautyfacts.org/product/3401353688513/photoderm-bronz-spf-50-bioderma,
3401353688742,Photoderm MAX SPF 50+ Spray très haute protection,Bioderma,other,FR,yes,no,yes,obf-label,,obf-label,https://world.openbeautyfacts.org/product/3401353688742/photoderm-max-spf-50-spray-tres-haute-protection-bioderma,
3286011092310,Crème change,Biolane,other,FR,no,no,yes,,,obf-label,https://world.openbeautyfacts.org/product/3286011092310/creme-change-biolane,
3286010022011,Gel douche purifiant à l'extrait de criste marine bio des Charentes,Biopha,other,FR,no,yes,no,,obf-label,,https://world.openbeautyfacts.org/product/3286010022011/gel-douche-purifiant-a-l-extrait-de-criste-marine-bio-des-charentes-biopha,
3286010022059,Shampooing purifiant à l'extrait de thym bio & de citron bio de Provence,Biopha,hair,FR,no,yes,no,,obf-label,,https://world.openbeautyfacts.org/product/3286010022059/shampooing-purifiant-a-l-extrait-de-thym-bio-de-citron-bio-de-provence-biopha,Kategorie eher nicht Gesicht
5017634247843,Anti-boutons,Bioré,face/skincare,FR,yes,no,no,obf-label,,,https://world.openbeautyfacts.org/product/5017634247843/anti-boutons-biore,
3517360012835,Savon détachant à l'huile d'olive bio,Biovie,other,FR,no,no,yes,,,obf-label,https://world.openbeautyfacts.org/product/3517360012835/savon-detachant-a-l-huile-d-olive-bio-biovie,
3760207111660,(ohne Namen),Bloomup,unspecified,FR,no,yes,no,,obf-label,,https://world.openbeautyfacts.org/product/3760207111660/bloomup,
3265660399407,Lingettes intimes,Bocoton Bio,unspecified,FR,no,no,yes,,,obf-label,https://world.openbeautyfacts.org/product/3265660399407/lingettes-intimes-bocoton-bio,
5028197417666,Canneberge givrée - gel douche,Body Shop,other,FR,no,yes,no,,obf-label,,https://world.openbeautyfacts.org/product/5028197417666/canneberge-givree-gel-douche-body-shop,
5028197417574,Canneberge givrée - lotion scintillante,Body Shop,face/skincare,FR,no,yes,no,,obf-label,,https://world.openbeautyfacts.org/product/5028197417574/canneberge-givree-lotion-scintillante-body-shop,
5028197417482,Canneberge givrée beurre corporel,Body Shop,face/skincare,FR,no,yes,no,,obf-label,,https://world.openbeautyfacts.org/product/5028197417482/canneberge-givree-beurre-corporel-body-shop,
5028197417871,Canneberge givrée exfoliant au sucre,Body Shop,face/skincare,FR,no,yes,no,,obf-label,,https://world.openbeautyfacts.org/product/5028197417871/canneberge-givree-exfoliant-au-sucre-body-shop,
3052503155104,Air mat la nouvelle matité indétectable - ivoire rosé,Bourjois,face/skincare,FR,yes,no,no,obf-label,,,https://world.openbeautyfacts.org/product/3052503155104/air-mat-la-nouvelle-matite-indetectable-ivoire-rose-bourjois,
5397209496037,Instant glow,BRONZE,other,BE,no,yes,no,,obf-label,,https://world.openbeautyfacts.org/product/5397209496037/instant-glow-bronze,
5060896573755,Bull Dog Hautpflege Original After Shave Balsam + Aloe Vera,Bulldog,other,DE,no,no,yes,,,obf-label,https://world.openbeautyfacts.org/product/5060896573755/bull-dog-hautpflege-original-after-shave-balsam-aloe-vera-bulldog,
9313880201001,Loose powder 04 Medium to dark,Bys,face/skincare,FR,no,yes,no,,obf-label,,https://world.openbeautyfacts.org/product/9313880201001/loose-powder-04-medium-to-dark-bys,
3760099592066,Gel surgras Toilette intime,Cadum,other,FR,no,yes,no,,obf-label,,https://world.openbeautyfacts.org/product/3760099592066/soin-intime-cadum,
0810006942477,Cantu Guava Scalp Care Shampoo,Cantu,hair,NL,no,yes,no,,obf-label,,https://world.openbeautyfacts.org/product/0810006942477/cantu-anti-dandruff-shampoo-with-guava-ginger,Kategorie eher nicht Gesicht
3700538600044,Pierre d'Alun,Cap Cosmetics,other-non-face,FR,no,no,yes,,,obf-label,https://world.openbeautyfacts.org/product/3700538600044/pierre-d-alun-cap-cosmetics,Kategorie eher nicht Gesicht
3560071348069,Gel lavant 2 in 1,Carrefour,other,FR,no,no,yes,,,obf-label,https://world.openbeautyfacts.org/product/3560071348069/gel-lavant-2-in-1-carrefour-bebe,
3560071275075,Lait de toilette,Carrefour,other,FR,no,no,yes,,,obf-label,https://world.openbeautyfacts.org/product/3560071275075/lait-de-toilette-carrefour-baby-bio,
4250587754230,All Matt plus,Catrice cosmetics,other,FR,no,yes,no,,obf-label,,https://world.openbeautyfacts.org/product/4250587754230/all-matt-plus-catrice-cosmetics,
4250947527153,Better than water proof,Catrice cosmetics,makeup,FR,no,yes,no,,obf-label,,https://world.openbeautyfacts.org/product/4250947527153/better-than-water-proof-catrice-cosmetics,Kategorie eher nicht Gesicht
4045612000709,Frische Deo 24h Granatapfel,CD,other-non-face,FR,no,yes,no,,obf-label,,https://world.openbeautyfacts.org/product/4045612000709/frische-deo-24h-granatapfel-cd,Kategorie eher nicht Gesicht
3337875597449,CeraVe Hydraterende Gezichtscrème,CeraVe,face/skincare,NL,yes,no,no,obf-label,,,https://world.openbeautyfacts.org/product/3337875597449/facial-moisturising-lotion-cerave,
3337875597395,Hydraterende Melk,CeraVe,face/skincare,IE|NL,yes,no,yes,obf-label,,obf-label,https://world.openbeautyfacts.org/product/3337875597395/moisturising-lotion-cerave,
3337875598996,moisturising cream,CeraVe,other,FR|RO,no,no,yes,,,obf-label,https://world.openbeautyfacts.org/product/3337875598996/moisturising-cream-cerave,
3770006053306,Mascara,Charlotte makeup,other,FR,no,yes,no,,obf-label,,https://world.openbeautyfacts.org/product/3770006053306/mascara-charlotte-makeup,
26028071,Lingettes bébé très douces sensitive,Chérubin,other,FR,no,no,yes,,,obf-label,https://world.openbeautyfacts.org/product/26028071/lingettes-bebe-tres-douces-sensitive-cherubin,
20231460,Crème solaire enfant FPS50+,Cien,face/skincare,ES|FR|NL,no,no,yes,,,obf-label,https://world.openbeautyfacts.org/product/20231460/cien-sun,
20825430,Shampoo,Cien Sensitive,hair,FI,no,no,yes,,,obf-label,https://world.openbeautyfacts.org/product/20825430/shampoo-all-hair-types-cien-sensitive,Kategorie eher nicht Gesicht
0309974700016,Fond de Teint - Peaux Mixtes / Grasses - Ivoire,Colorstay,makeup,FR|IT,no,no,yes,,,obf-label,https://world.openbeautyfacts.org/product/0309974700016/fond-de-teint-peaux-mixtes-grasses-ivoire-colorstay,Kategorie eher nicht Gesicht
3329310012495,Pâte d'argile,Copar,face/skincare,FR,no,no,yes,,,obf-label,https://world.openbeautyfacts.org/product/3329310012495/pate-d-argile-copar,
3257984523521,Les Soins Eau micellaire Peaux Sensibles,Cora,face/skincare,FR,no,no,yes,,,obf-label,https://world.openbeautyfacts.org/product/3257984523521/les-soins-eau-micellaire-peaux-sensibles-cora,
3468080408159,Douche Soin Détox,Corine de Farme,other,FR,no,no,yes,,,obf-label,https://world.openbeautyfacts.org/product/3468080408159/douche-soin-detox-corine-de-farme,
3538394612839,Shampooing douche ulta doux sans savon aux algues,Coslys,hair,FR,no,no,yes,,,obf-label,https://world.openbeautyfacts.org/product/3538394612839/shampooing-douche-ulta-doux-sans-savon-aux-algues-coslys,Kategorie eher nicht Gesicht
3489940049237,Shampooing Cheveux secs Karité - Jojoba - Aloe,Cosmo Naturel,hair,FR,no,no,yes,,,obf-label,https://world.openbeautyfacts.org/product/3489940049237/shampooing-cheveux-secs-karite-jojoba-aloe-cosmo-naturel,Kategorie eher nicht Gesicht
3489941049748,Shampooing Douche Miel Propolis,Cosmo Naturel,hair,FR,no,no,yes,,,obf-label,https://world.openbeautyfacts.org/product/3489941049748/shampooing-douche-miel-propolis-cosmo-naturel,Kategorie eher nicht Gesicht
3489940049251,Shampooing usage fréquent Miel - Calendula - Avoine,Cosmo Naturel,hair,FR,no,no,yes,,,obf-label,https://world.openbeautyfacts.org/product/3489940049251/shampooing-usage-frequent-miel-calendula-avoine-cosmo-naturel,Kategorie eher nicht Gesicht
0870223028675,Nettoyant Corporel Hydratant Huile de Macadamia,Daily Defense,face/skincare,FR,no,yes,no,,obf-label,,https://world.openbeautyfacts.org/product/0870223028675/nettoyant-corporel-hydratant-huile-de-macadamia-daily-defense,
3159870466212,Foam Clear Wash,Deb,other,FR,no,no,yes,,,obf-label,https://world.openbeautyfacts.org/product/3159870466212/foam-clear-wash-deb,
8009518320510,Terre de soleil minérale,Deborah,other,FR,no,no,yes,,,obf-label,https://world.openbeautyfacts.org/product/8009518320510/terre-de-soleil-minerale-deborah,
3800038935988,Special Care Repair & Protect,Dental,other-non-face,FR,no,yes,no,,obf-label,,https://world.openbeautyfacts.org/product/3800038935988/special-care-repair-protect-dental,Kategorie eher nicht Gesicht
7898567750758,Depi Roll Cera Roll-on ARGAN,Depi Roll,hair,NL,no,yes,no,,obf-label,,https://world.openbeautyfacts.org/product/7898567750758/depi-roll-cera-roll-on-argan,Kategorie eher nicht Gesicht
7898567750291,Cera Quente Depiroll Mel,Depiroll,hair,NL,no,yes,no,,obf-label,,https://world.openbeautyfacts.org/product/7898567750291/cera-quente-depiroll-mel,Kategorie eher nicht Gesicht
7898567750604,Cera Quente Profissional Rosa DepiRoll,DepiRoll,hair,NL,no,yes,no,,obf-label,,https://world.openbeautyfacts.org/product/7898567750604/cera-quente-profissional-rosa-depiroll,Kategorie eher nicht Gesicht
3567730300437,Shampooing 2 en 1 démêlant Fraise Grenade Lait de coton,Dermaclay Junior,hair,FR,no,no,yes,,,obf-label,https://world.openbeautyfacts.org/product/3567730300437/shampooing-2-en-1-demelant-fraise-grenade-lait-de-coton-dermaclay-junior,Kategorie eher nicht Gesicht
3560070848898,SensilianeSun lait protecteur 50+,Dermato Science,face/skincare,FR,no,no,yes,,,obf-label,https://world.openbeautyfacts.org/product/3560070848898/sensilianesun-lait-protecteur-50-dermato-science,
8032680391019,Shampoing Lissage Total,DERMOMed,hair,FR,no,yes,no,,obf-label,,https://world.openbeautyfacts.org/product/8032680391019/shampoing-lissage-total-dermomed,Kategorie eher nicht Gesicht
8032680390722,Shampooing Douche Homme avec Taurine,DERMOMed,hair,FR,no,yes,no,,obf-label,,https://world.openbeautyfacts.org/product/8032680390722/shampooing-douche-homme-avec-taurine-dermomed,Kategorie eher nicht Gesicht
0718334337432,Lotion à la noix de coco,Desert Essence,face/skincare,FR,no,yes,yes,,obf-label,obf-label,https://world.openbeautyfacts.org/product/0718334337432/desert-essence-coconut-hand-and-body-lotion,
3178040694149,Crème Anti-Rides Nuit Haute Tolérance,Diadermine,face/skincare,FR,no,no,yes,,,obf-label,https://world.openbeautyfacts.org/product/3178040694149/creme-anti-rides-nuit-haute-tolerance-henkel,
3178040694156,Lotion micellaire démaquillante Haute Tolérance,Diadermine,face/skincare,FR,no,no,yes,,,obf-label,https://world.openbeautyfacts.org/product/3178040694156/lotion-micellaire-demaquillante-haute-tolerance-henkel,
5028270004752,Baby wipes fragrance free,Dimple,other,FR,no,yes,yes,,obf-label,obf-label,https://world.openbeautyfacts.org/product/5028270004752/baby-wipes-fragrance-free-dimple,
8711700784245,Lait pour le corps Deep Care Complex,Dove,face/skincare,FR,no,no,yes,,,obf-label,https://world.openbeautyfacts.org/product/8711700784245/lait-pour-le-corps-deep-care-complex-unilever,
4020829005037,Crème de jour fluide,Dr. Hauschka,face/skincare,FR,no,no,yes,,,obf-label,https://world.openbeautyfacts.org/product/4020829005037/creme-de-jour-fluide-dr-hauschka,
3282770037500,Keracnyl gel moussant visage et corps,Ducray,face/skincare,FR,yes,no,no,obf-label,,,https://world.openbeautyfacts.org/product/3282770037500/keracnyl-gel-moussant-visage-et-corps-ducray,
3287570131014,Huile de massage aux huiles essentielles,Durance,face/skincare,FR,no,yes,no,,obf-label,,https://world.openbeautyfacts.org/product/3287570131014/huile-de-massage-aux-huiles-essentielles-durance,
09162008,Durex play massage douceur,Durex,face/skincare,FR,no,no,yes,,,obf-label,https://world.openbeautyfacts.org/product/09162008/durex-play-massage-douceur,
3282779178624,Trixéra+,Eau thermale Avène,face/skincare,FR,yes,no,yes,obf-label,,obf-label,https://world.openbeautyfacts.org/product/3282779178624/trixera-eau-thermale-avene,
3517360003314,Nutritive Gel nettoyant surgras,Eau thermale Jonzac,face/skincare,FR,yes,no,yes,obf-label,,obf-label,https://world.openbeautyfacts.org/product/3517360003314/nutritive-gel-nettoyant-surgras-eau-thermale-jonzac,
3517360025750,"Reactive CONTROL, Crème miraculeuse HAUTE TOLERANCE",EAU THERMALE JONZAC,face/skincare,FR,yes,no,no,obf-label,,,https://world.openbeautyfacts.org/product/3517360025750/reactive-control-creme-miraculeuse-haute-tolerance-eau-thermale-jonzac,
3517360001419,REhydrate Lait corps réhydratant,Eau thermale Jonzac,face/skincare,FR,yes,no,no,obf-label,,,https://world.openbeautyfacts.org/product/3517360001419/rehydrate-lait-corps-rehydratant-eau-thermale-jonzac,
4033981742054,Opalovací krém SPF 15 bio,Eco cosmetics,face/skincare,CZ,no,yes,no,,obf-label,,https://world.openbeautyfacts.org/product/4033981742054/opalovaci-krem-spf-15-bio-eco-cosmetics,
3045204804181,Naturals,Ecran Sun,face/skincare,FR,no,no,yes,,,obf-label,https://world.openbeautyfacts.org/product/3045204804181/naturals-ecran-sun,
3760207115118,Les Biolistas crème de douche hydratante Fleur de Pamplemousse,Energie Fruit,other,FR,no,yes,no,,obf-label,,https://world.openbeautyfacts.org/product/3760207115118/les-biolistas-creme-de-douche-hydratante-fleur-de-pamplemousse-energie-fruit,
7350113020048,All Glow‘d Up Vegan Sugar Scrub,Estrid,face/skincare,DE|FI|NL|SE,no,yes,no,,obf-label,,https://world.openbeautyfacts.org/product/7350113020048/all-glow-d-up-vegan-sugar-scrub-estrid,
3614819997115,Détranspirant Tolérance,EtiaXil,other-non-face,FR,no,no,yes,,,obf-label,https://world.openbeautyfacts.org/product/3614819997115/detranspirant-tolerance-etiaxil,Kategorie eher nicht Gesicht
4005800192883,Eucerin DermoPure Cleansing Gel,Eucerin,face/skincare,BE|DE|FR|NL,yes,no,yes,obf-label,,obf-label,https://world.openbeautyfacts.org/product/4005800192883/eucerin-dermopure-cleansing-gel,
5055170281013,metropolitan black pour homme,fine perfurmery,fragrance,FR,no,yes,no,,obf-label,,https://world.openbeautyfacts.org/product/5055170281013/metropolitan-black-pour-homme-fine-perfurmery,Kategorie eher nicht Gesicht
8436008569799,(ohne Namen),Fleurymer,face/skincare,ES,no,yes,no,,obf-label,,https://world.openbeautyfacts.org/product/8436008569799/fleurymer,
3516170022751,Crème mains de Provence Essence d'amande,Florame,face/skincare,FR,no,no,yes,,,obf-label,https://world.openbeautyfacts.org/product/3516170022751/creme-mains-de-provence-essence-d-amande-florame,
8470001549990,Fotoprotector ISDIN Gel Cream 30 SPF,Fotoprotector ISDIN,face/skincare,ES,yes,no,no,obf-label,,,https://world.openbeautyfacts.org/product/8470001549990/fotoprotector-isdin-gel-cream-30-spf,
3600542433266,Brightening serum,Garnier,face/skincare,IE,no,yes,no,,cfi,,https://world.openbeautyfacts.org/product/3600542433266/brightening-serum-garnier,OBF-Label crowd-sourced; Siegel vor Launch re-checken
3600541729476,Micellar Cleansing Water,Garnier,face/skincare,FR,no,no,yes,,,obf-label,https://world.openbeautyfacts.org/product/3600541729476/micellar-cleansing-water-l-oreal,
3600541738508,Miracle Wake Up Crème Anti-Âge défatigant,Garnier,face/skincare,FR,yes,no,no,obf-label,,,https://world.openbeautyfacts.org/product/3600541738508/miracle-wake-up-creme-anti-age-defatigant-l-oreal,
3600530171972,Dream Mat Mousse 48 Beige ensoleillé,Gemey,face/skincare,FR,yes,no,no,obf-label,,,https://world.openbeautyfacts.org/product/3600530171972/dream-mat-mousse-48-beige-ensoleille-gemey,
3600530523641,Dream Satin Fluide Sable,Gemey Maybelline,face/skincare,FR,yes,no,no,obf-label,,,https://world.openbeautyfacts.org/product/3600530523641/dream-satin-fluide-sable-gemey-maybelline,
0012009073930,GiGi All Purpose Honee Wax,GiGi,hair,NL,no,yes,no,,obf-label,,https://world.openbeautyfacts.org/product/0012009073930/gigi-all-purpose-honee-wax,Kategorie eher nicht Gesicht
0743877052559,High Rise Hard Wax Men Wax,Gillette,hair,NL,yes,yes,no,obf-label,obf-label,,https://world.openbeautyfacts.org/product/0743877052559/high-rise-hard-wax-men-wax-gillette,Kategorie eher nicht Gesicht
3489940067064,Savon bio de beauté  Lavande et lait d'ânesse bio,Gravier,other,FR,no,yes,yes,,obf-label,obf-label,https://world.openbeautyfacts.org/product/3489940067064/savon-bio-de-beaute-lavande-et-lait-d-anesse-bio-gravier,
3489940067088,Savon de beauté sans parfum au beurre de karité bio lait d'ânesse bio,Gravier,other,FR,no,no,yes,,,obf-label,https://world.openbeautyfacts.org/product/3489940067088/savon-de-beaute-sans-parfum-au-beurre-de-karite-bio-lait-d-anesse-bio-gravier,
8016744500104,Soin Colorant Permanent 10N Blond Platine,Herbatint,hair,FR,no,no,yes,,,obf-label,https://world.openbeautyfacts.org/product/8016744500104/soin-colorant-permanent-10n-blond-platine-herbatint,Kategorie eher nicht Gesicht
3701154720093,Nettoyant Visage,Horace,unspecified,FR,no,yes,no,,obf-label,,https://world.openbeautyfacts.org/product/3701154720093/nettoyant-visage-horace,
7318690017301,ICA Duschtvål oparfymerad,ICA,other,SE,no,no,yes,,,obf-label,https://world.openbeautyfacts.org/product/7318690017301/ica-duschtval-oparfymerad,
3059944116923,Gel Muco-Protecteur de Toilette Intime haute tolérance,Intima,other,FR,no,no,yes,,,obf-label,https://world.openbeautyfacts.org/product/3059944116923/gel-muco-protecteur-de-toilette-intime-haute-tolerance-intima,
3059944117463,Neutre Gel Toilette Intime Haute tolérance 0%,Intima,other,FR,no,no,yes,,,obf-label,https://world.openbeautyfacts.org/product/3059944117463/neutre-gel-toilette-intime-haute-tolerance-0-intima,
0682223020111,Jack Black Protein Booster Eye Rescue,Jack,other,NL,no,yes,no,,obf-label,,https://world.openbeautyfacts.org/product/0682223020111/jack-black-protein-booster-eye-rescue,
5025416030330,Coconut Water Superbly Luscious Shampoo with coconut oil,Just Coco,other,FR,no,yes,no,,obf-label,,https://world.openbeautyfacts.org/product/5025416030330/coconut-water-superbly-luscious-shampoo-with-coconut-oil-just-coco,
4000196031976,Hand & Nagelcreme,Kamill,face/skincare,DE,no,yes,no,,obf-label,,https://world.openbeautyfacts.org/product/4000196031976/hand-nagelcreme-kamill,
4008233151854,Soin Lèvres Menthe aquatique - Aloe Vera,Kneipp,other,FR,no,yes,no,,obf-label,,https://world.openbeautyfacts.org/product/4008233151854/soin-levres-menthe-aquatique-aloe-vera-kneipp,
3760171121023,Crème visage anti-âge,Kuomayé Bio,face/skincare,FR,no,yes,no,,obf-label,,https://world.openbeautyfacts.org/product/3760171121023/creme-visage-anti-age-kuomaye-bio,
3450601052316,Liniment oléo-calcaire,L'arbre vert,other,FR,no,no,yes,,,obf-label,https://world.openbeautyfacts.org/product/3450601052316/liniment-oleo-calcaire-l-arbre-vert-bebe,
3450051306113,Neptigel,L'artisanerie,other,FR,no,no,yes,,,obf-label,https://world.openbeautyfacts.org/product/3450051306113/neptigel-l-artisanerie,
3600523461103,Eau biphase micellaire,L'Oréal,face/skincare,FR,no,no,yes,,,obf-label,https://world.openbeautyfacts.org/product/3600523461103/eau-biphase-micellaire-l-oreal,
3600522838876,Accord Parfait fond de teint unifiant sur-mesure Lin,L'Oréal Paris,face/skincare,FR,yes,no,no,obf-label,,,https://world.openbeautyfacts.org/product/3600522838876/accord-parfait-fond-de-teint-unifiant-sur-mesure-lin-l-oreal,
3600522365884,Solution Micellaire,L'Oréal Paris,face/skincare,FR,no,no,yes,,,obf-label,https://world.openbeautyfacts.org/product/3600522365884/solution-micellaire-l-oreal,
3700601507850,Gel douche Lait d'anesse,La maison du savon de Marseille,other,FR,no,yes,no,,obf-label,,https://world.openbeautyfacts.org/product/3700601507850/gel-douche-lait-d-anesse-la-maison-du-savon-de-marseille,
5034843001028,Colour protecting conditioner,La Riché Directions,other,FR,no,yes,no,,obf-label,,https://world.openbeautyfacts.org/product/5034843001028/colour-protecting-conditioner-la-riche-directions,
5034843001004,Pre colour shampoo,La Riché Directions,other,FR,no,yes,no,,obf-label,,https://world.openbeautyfacts.org/product/5034843001004/pre-colour-shampoo-la-riche-directions,
3337872414145,Cicaplast Mains,La Roche Posay,face/skincare,FR,no,no,yes,,,obf-label,https://world.openbeautyfacts.org/product/3337872414145/cicaplast-mains-la-roche-posay,
3337872418570,Lipikar Baume AP+,La Roche-Posay,face/skincare,FR,no,no,yes,,,obf-label,https://world.openbeautyfacts.org/product/3337872418570/lipikar-ap-m-triple-repair-moisturizing-cream-la-roche-posay,
3266191023595,crème mains aloe vera,la vie claire,face/skincare,FR,no,yes,yes,,obf-label,obf-label,https://world.openbeautyfacts.org/product/3266191023595/creme-mains-aloe-vera-la-vie-claire,
3506770501008,Crème visage protectrice SPF 50 anti-rides au Monoï de Tahiti,Laboratoires Biocos,face/skincare,FR,no,yes,yes,,obf-label,obf-label,https://world.openbeautyfacts.org/product/3506770501008/creme-visage-protectrice-spf-50-anti-rides-au-monoi-de-tahiti-laboratoires-biocos,
3760201130483,Shampooing solide cheveux secs,Lamazuna,hair,FR,no,yes,no,,obf-label,,https://world.openbeautyfacts.org/product/3760201130483/shampooing-solide-cheveux-secs-lamazuna,Kategorie eher nicht Gesicht
15204300,Shampooing solide cheveux secs,Lamazuna,hair,FR,no,yes,no,,obf-label,,https://world.openbeautyfacts.org/product/15204300/shampooing-solide-cheveux-secs-lamazuna,Kategorie eher nicht Gesicht
3760201131404,Shampooing Solide Orange Cannelle Badiane Série Limitée,Lamazuna,hair,FR,no,yes,no,,obf-label,,https://world.openbeautyfacts.org/product/3760201131404/shampooing-solide-orange-cannelle-badiane-serie-limitee-lamazuna,Kategorie eher nicht Gesicht
4021457614219,Basis Sensitiv Shampooing Soin & Brillance à l'Avocat & au Blé bio,Lavera,hair,FR,no,yes,no,,obf-label,,https://world.openbeautyfacts.org/product/4021457614219/basis-sensitiv-shampooing-soin-brillance-a-l-avocat-au-ble-bio-lavera,Kategorie eher nicht Gesicht
4021457614134,Baume à lèvres au jojoba bio et à l'amande bio,Lavera,face/skincare,FR,no,yes,no,,obf-label,,https://world.openbeautyfacts.org/product/4021457614134/baume-a-levres-au-jojoba-bio-et-a-l-amande-bio-lavera,
4021457606641,Shampooing anti-cheveux gras,Lavera,hair,FR,no,yes,yes,,obf-label,obf-label,https://world.openbeautyfacts.org/product/4021457606641/shampooing-anti-cheveux-gras-lavera,Kategorie eher nicht Gesicht
4021457606665,Shampooing anti-pelliculaire,Lavera,hair,FR,no,yes,yes,,obf-label,obf-label,https://world.openbeautyfacts.org/product/4021457606665/shampooing-anti-pelliculaire-lavera,Kategorie eher nicht Gesicht
4021457606658,Shampooing Sensitiv,Lavera,hair,FR,no,yes,yes,,obf-label,obf-label,https://world.openbeautyfacts.org/product/4021457606658/shampooing-sensitiv-lavera,Kategorie eher nicht Gesicht
4021457606672,Shampooing Volume,Lavera,hair,FR,no,yes,yes,,obf-label,obf-label,https://world.openbeautyfacts.org/product/4021457606672/shampooing-volume-lavera,Kategorie eher nicht Gesicht
4021457606689,Shampooing éclat couleur,Lavera,hair,FR,no,yes,yes,,obf-label,obf-label,https://world.openbeautyfacts.org/product/4021457606689/shampooing-eclat-couleur-lavera,Kategorie eher nicht Gesicht
0705604326715,Déodorant crème géranium,Le Moly,other-non-face,FR,no,yes,no,,obf-label,,https://world.openbeautyfacts.org/product/0705604326715/deodorant-creme-geranium-le-moly,Kategorie eher nicht Gesicht
0705604326937,Déodorant crème menthe citron vert,Le Moly,other-non-face,FR,no,yes,no,,obf-label,,https://world.openbeautyfacts.org/product/0705604326937/deodorant-creme-menthe-citron-vert-le-moly,Kategorie eher nicht Gesicht
3549620003093,Baume à lèvres à l'huile d'argan anti-âge,Le Petit Olivier,face/skincare,FR,no,no,yes,,,obf-label,https://world.openbeautyfacts.org/product/3549620003093/baume-a-levres-a-l-huile-d-argan-anti-age-le-petit-olivier,
3549620007022,Crème douche extra douce Rose,Le Petit Olivier,other,FR,no,yes,no,,obf-label,,https://world.openbeautyfacts.org/product/3549620007022/creme-douche-extra-douce-rose-le-petit-olivier,
3549629000024,Crème mains hydratante Huile d'olive,Le Petit Olivier,face/skincare,FR,no,yes,no,,obf-label,,https://world.openbeautyfacts.org/product/3549629000024/creme-mains-hydratante-huile-d-olive-le-petit-olivier,
3549620020335,Huile sèche Karité et amande douce,Le Petit Olivier,face/skincare,FR,no,yes,no,,obf-label,,https://world.openbeautyfacts.org/product/3549620020335/huile-seche-karite-et-amande-douce-le-petit-olivier,
3549620005035,Savonnettes extra douces Fleur d'oranger,Le Petit Olivier,other,FR,no,yes,no,,obf-label,,https://world.openbeautyfacts.org/product/3549620005035/savonnettes-extra-douces-fleur-d-oranger-le-petit-olivier,
3549620005080,Savonnettes extra douces Fleur de cerisier,Le Petit Olivier,other,FR,no,yes,no,,obf-label,,https://world.openbeautyfacts.org/product/3549620005080/savonnettes-extra-douces-fleur-de-cerisier-le-petit-olivier,
3549620008296,Shampooing soin aux extraits de pêche blanche fleur de vigne,Le Petit Olivier,hair,FR,no,yes,no,,obf-label,,https://world.openbeautyfacts.org/product/3549620008296/shampooing-soin-aux-extraits-de-peche-blanche-fleur-de-vigne-le-petit-olivier,Kategorie eher nicht Gesicht
3549620008203,Shampooing soin aux extraits de Pêche Blanche Fleur de Vigne,Le Petit Olivier,hair,FR,no,yes,no,,obf-label,,https://world.openbeautyfacts.org/product/3549620008203/shampooing-soin-aux-extraits-de-peche-blanche-fleur-de-vigne-le-petit-olivier,Kategorie eher nicht Gesicht
3549620008319,Shampooing soin aux huiles d'Olive Karité Argan,Le Petit Olivier,hair,FR,no,yes,no,,obf-label,,https://world.openbeautyfacts.org/product/3549620008319/shampooing-soin-aux-huiles-d-olive-karite-argan-le-petit-olivier,Kategorie eher nicht Gesicht
3549620008333,Shampooing soin à l'extrait de grenade et huile d'argan,Le Petit Olivier,hair,FR,no,yes,no,,obf-label,,https://world.openbeautyfacts.org/product/3549620008333/shampooing-soin-a-l-extrait-de-grenade-et-huile-d-argan-le-petit-olivier,Kategorie eher nicht Gesicht
3549620008227,Shampooing soin à l'extrait de Myrte Argile Rose,Le Petit Olivier,hair,FR,no,yes,no,,obf-label,,https://world.openbeautyfacts.org/product/3549620008227/shampooing-soin-a-l-extrait-de-myrte-argile-rose-le-petit-olivier,Kategorie eher nicht Gesicht
3549620008302,Shampooing soin à l'extrait de Myrte Argile Rose,Le Petit Olivier,hair,FR,no,yes,no,,obf-label,,https://world.openbeautyfacts.org/product/3549620008302/shampooing-soin-a-l-extrait-de-myrte-argile-rose-le-petit-olivier,Kategorie eher nicht Gesicht
3517360012040,Hydra aloe vera,Lea Nature So' Bio étic,other,FR,no,no,yes,,,obf-label,https://world.openbeautyfacts.org/product/3517360012040/hydra-aloe-vera-lea-nature-so-bio-etic,
3263855989211,Savon écologique et biologique,Leader Price,other,FR,no,no,yes,,,obf-label,https://world.openbeautyfacts.org/product/3263855989211/savon-ecologique-et-biologique-leader-price,
3450870021136,Eclat Naturel,Leonor Greyl,hair,FR,no,yes,no,,obf-label,,https://world.openbeautyfacts.org/product/3450870021136/eclat-naturel-leonor-greyl,Kategorie eher nicht Gesicht
3331300011968,Ultimate Slim Sérum 100% Actif Cure Cellulite Rebelle,Linéance,face/skincare,FR,no,no,yes,,,obf-label,https://world.openbeautyfacts.org/product/3331300011968/ultimate-slim-serum-100-actif-cure-cellulite-rebelle-lineance,
7350069280022,Argan oil,Loelle,other,SE,no,yes,no,,obf-label,,https://world.openbeautyfacts.org/product/7350069280022/argan-oil-loelle,
7350069280176,Rosehip oil,Loelle,face/skincare,SE,no,yes,no,,obf-label,,https://world.openbeautyfacts.org/product/7350069280176/rosehip-oil-loelle,
4017645046290,Shampooing sensitif à l'acacia bio,Logo à,hair,FR,no,no,yes,,,obf-label,https://world.openbeautyfacts.org/product/4017645046290/shampooing-sensitif-a-l-acacia-bio-logo-a,Kategorie eher nicht Gesicht
4017645036802,Shampooing réparateur au ginkgo,Logona,hair,FR,no,no,yes,,,obf-label,https://world.openbeautyfacts.org/product/4017645036802/shampooing-reparateur-au-ginkgo-logona,Kategorie eher nicht Gesicht
4017645036949,Shampooing soin brillance,Logona,hair,FR,no,no,yes,,,obf-label,https://world.openbeautyfacts.org/product/4017645036949/shampooing-soin-brillance-logona,Kategorie eher nicht Gesicht
4017645028579,Shampooing volumateur au miel et à la bière,Logona,hair,FR,no,no,yes,,,obf-label,https://world.openbeautyfacts.org/product/4017645028579/shampooing-volumateur-au-miel-et-a-la-biere-logona,Kategorie eher nicht Gesicht
3700668700744,Serviettes hypoallergéniques anti-irritation Normal,Love & Green,other,FR,no,no,yes,,,obf-label,https://world.openbeautyfacts.org/product/3700668700744/serviettes-hypoallergeniques-anti-irritation-normal-love-green,
3700668700232,Veritable liniment,Love&Green,unspecified,FR,no,no,yes,,,obf-label,https://world.openbeautyfacts.org/product/3700668700232/veritable-liniment-love-green,
3506770302001,Spray protecteur hydratant SPF 30 haute protection,Lovea,face/skincare,FR,no,yes,yes,,obf-label,obf-label,https://world.openbeautyfacts.org/product/3506770302001/spray-protecteur-hydratant-spf-30-haute-protection-lovea,
3517360006162,BB Cream Mon lait d'Ânesse  SPF 10 - 01 beige lumière,Léa Nature,face/skincare,FR,yes,no,yes,obf-label,,obf-label,https://world.openbeautyfacts.org/product/3517360006162/bb-cream-mon-lait-d-anesse-spf-10-01-beige-lumiere-lea-nature,
3517360005998,BB cream texture légère perfecteur de teint - 01 beige nude,Léa Nature,face/skincare,FR,yes,no,no,obf-label,,,https://world.openbeautyfacts.org/product/3517360005998/bb-cream-texture-legere-perfecteur-de-teint-01-beige-nude-lea-nature,
3517360002577,Douche & Bain parfum Cola,Léa Nature,other,FR,no,no,yes,,,obf-label,https://world.openbeautyfacts.org/product/3517360002577/cola-lea-nature,
3517360006261,Douche au lait de jument Crème de douche nourrissante,Léa Nature,other,FR,no,no,yes,,,obf-label,https://world.openbeautyfacts.org/product/3517360006261/douche-au-lait-de-jument-creme-de-douche-nourrissante-lea-nature,
3517360002430,Douche Lait d'ânesse Douche et bain lacté,Léa Nature,other,FR,no,no,yes,,,obf-label,https://world.openbeautyfacts.org/product/3517360002430/douche-lait-d-anesse-douche-et-bain-lacte-lea-nature,
3517360002485,Douche nourrissante Vanille de Tahiti,Léa Nature,other,FR,no,no,yes,,,obf-label,https://world.openbeautyfacts.org/product/3517360002485/douche-nourrissante-vanille-de-tahiti-lea-nature,
3517360012781,Gel Douche Hypoallergénique à la fleur de Mauve - Léa Nature - So'Bio étic - 650 ml,Léa Nature,other,FR,no,no,yes,,,obf-label,https://world.openbeautyfacts.org/product/3517360012781/gel-douche-hypoallergenique-a-la-fleur-de-mauve-lea-nature-so-bio-etic-650-ml,
3517360008685,Précieux Argan Eau micellaire anti-âge,Léa Nature,face/skincare,FR,no,no,yes,,,obf-label,https://world.openbeautyfacts.org/product/3517360008685/precieux-argan-eau-micellaire-anti-age-lea-nature,
3478821003680,Précieux argan Huile de bain et massage,Léa Nature,face/skincare,FR,no,no,yes,,,obf-label,https://world.openbeautyfacts.org/product/3478821003680/precieux-argan-huile-de-bain-et-massage-lea-nature,
3182611233019,Savon de Marseille cuit au chaudron Olive,Maitre savon de Marseille,other,FR,no,no,yes,,,obf-label,https://world.openbeautyfacts.org/product/3182611233019/savon-de-marseille-cuit-au-chaudron-olive-maitre-savon-de-marseille,
8591113028446,Original Home Spa Beer Cosmetics,Manufaktura,face/skincare,CZ,no,yes,no,,leaping-bunny,,https://world.openbeautyfacts.org/product/8591113028446/original-home-spa-beer-cosmetics-manufaktura,OBF-Label crowd-sourced; Siegel vor Launch re-checken
8591113042282,"Pánský šampon s pivem, kofeinem a bylinami",Manufaktura,hair,CZ,no,yes,no,,leaping-bunny,,https://world.openbeautyfacts.org/product/8591113042282/pansky-šampon-s-pivem-kofeinem-a-bylinami-manufaktura,OBF-Label crowd-sourced; Siegel vor Launch re-checken; Kategorie eher nicht Gesicht
8591113042954,Tuhý eko šampon meruňka,Manufaktura,hair,CZ,no,yes,no,,leaping-bunny,,https://world.openbeautyfacts.org/product/8591113042954/tuhy-eko-šampon-meruňka-manufaktura,OBF-Label crowd-sourced; Siegel vor Launch re-checken; Kategorie eher nicht Gesicht
8591113042947,Tuhý šampon louka,Manufaktura,hair,CZ,no,yes,no,,leaping-bunny,,https://world.openbeautyfacts.org/product/8591113042947/tuhy-šampon-louka-manufaktura,OBF-Label crowd-sourced; Siegel vor Launch re-checken; Kategorie eher nicht Gesicht
0621732000931,Marc Anthony Repair Bond +Rescuplex,Marc Anthony,other,NL,no,yes,no,,obf-label,,https://world.openbeautyfacts.org/product/0621732000931/marc-anthony-repair-bond-rescuplex,
3298651778172,Savon à l'huile d'olive sans parfum,Marius Fabre,other,FR,no,no,yes,,,obf-label,https://world.openbeautyfacts.org/product/3298651778172/savon-a-l-huile-d-olive-sans-parfum-marius-fabre,
3515775772108,Shampooing naturel aux herbes,Martine Mahé,hair,FR,no,yes,no,,obf-label,,https://world.openbeautyfacts.org/product/3515775772108/shampooing-naturel-aux-herbes-martine-mahe,Kategorie eher nicht Gesicht
3401347507264,Shampooing reflets à l'huile de camélia,Martine Mahé,hair,FR,no,yes,no,,obf-label,,https://world.openbeautyfacts.org/product/3401347507264/shampooing-reflets-a-l-huile-de-camelia-martine-mahe,Kategorie eher nicht Gesicht
5719806324900,Læbebalsam,Matas,face/skincare,DK,no,no,yes,,,obf-label,https://world.openbeautyfacts.org/product/5719806324900/laebebalsam-matas,
3600530512232,Pure Sun Mineral Bronze Shimmer Powder 02 Soleil Hâlé,Maybelline,face/skincare,FR,no,no,yes,,,obf-label,https://world.openbeautyfacts.org/product/3600530512232/pure-sun-mineral-bronze-shimmer-powder-02-soleil-hale-l-oreal,
3600530625987,SuperStay 24h fond de teint stretch beige éclat,Maybelline,face/skincare,FR,yes,no,no,obf-label,,,https://world.openbeautyfacts.org/product/3600530625987/superstay-24h-fond-de-teint-stretch-beige-eclat-l-oreal,
3182611233033,Savon de Marseille,Maître savon,other,FR,no,no,yes,,,obf-label,https://world.openbeautyfacts.org/product/3182611233033/savon-de-marseille-maitre-savon,
3284410002008,Les Solyflores - eau de toilette Musc - Gigembre,Melvita,fragrance,FR,no,yes,no,,obf-label,,https://world.openbeautyfacts.org/product/3284410002008/les-solyflores-eau-de-toilette-musc-gingembre,Kategorie eher nicht Gesicht
3284410017262,Savon extra-riche,Melvita,other,FR,no,no,yes,,,obf-label,https://world.openbeautyfacts.org/product/3284410017262/savon-extra-riche-melvita,
3600550286854,Baume apaisant Peaux noires et métissées 2-en-1,Mennen,other,FR,yes,no,no,obf-label,,,https://world.openbeautyfacts.org/product/3600550286854/baume-apaisant-peaux-noires-et-metissees-2-en-1-mennen,
3600550362534,BB Crème Solaire Teinté SPF 50+,Mixa,face/skincare,FR,yes,no,yes,obf-label,,obf-label,https://world.openbeautyfacts.org/product/3600550362534/bb-creme-solaire-teinte-spf-50-mixa,
3600550880687,Crème riche apaisante pro-tolérance,Mixa,face/skincare,FR,yes,no,yes,obf-label,,obf-label,https://world.openbeautyfacts.org/product/3600550880687/creme-riche-apaisante-pro-tolerance-mixa,
3600550538175,Hydratant teinté protecteur anti-imperfections Dermo Defense,Mixa,face/skincare,FR,yes,no,no,obf-label,,,https://world.openbeautyfacts.org/product/3600550538175/hydratant-teinte-protecteur-anti-imperfections-dermo-defense-mixa,
3600550199338,Lait corps nutritif protecteur,Mixa,face/skincare,FR,no,no,yes,,,obf-label,https://world.openbeautyfacts.org/product/3600550199338/lait-corps-nutritif-protecteur-mixa,
3600550216592,Lait Solaire Tolérance Optimale SPF50,Mixa,face/skincare,FR,no,no,yes,,,obf-label,https://world.openbeautyfacts.org/product/3600550216592/lait-solaire-tolerance-optimale-spf-50-enfants-et-adulte-peau-sensible-mixa,
3600550164008,Soin protecteur regénérant Thé vert + Vigne rouge régénérante,Mixa,face/skincare,FR,no,no,yes,,,obf-label,https://world.openbeautyfacts.org/product/3600550164008/soin-protecteur-regenerant-the-vert-vigne-rouge-regenerante-mixa,
3770009779012,"Tampons 100% coton biologique, hypoallergénique et biodégradable",my holy,other,FR,no,no,yes,,,obf-label,https://world.openbeautyfacts.org/product/3770009779012/my-holy,
0782126001009,natracare,Natracare,other,FR,no,no,yes,,,obf-label,https://world.openbeautyfacts.org/product/0782126001009/natracare,
3770007124135,Savon de douche lait d'ânesse et huile d'amande douce,Nature & Progrès,other,FR,no,no,yes,,,obf-label,https://world.openbeautyfacts.org/product/3770007124135/savon-de-douche-lait-d-anesse-et-huile-d-amande-douce-nature-progres,
3286010035400,Gel douche exaltant à l'extrait de mûre bio de Bretagne,Nature Moi,other,FR,no,yes,no,,obf-label,,https://world.openbeautyfacts.org/product/3286010035400/gel-douche-exaltant-a-l-extrait-de-mure-bio-de-bretagne-nature-moi,
8414002070398,Champú anticaída Refrescante,NaturVital,hair,ES,no,yes,no,,obf-label,,https://world.openbeautyfacts.org/product/8414002070398/champu-anticaida-refrescante-naturvital,Kategorie eher nicht Gesicht
3574660536522,First Touch Shampoo,Natusan,hair,FR,no,no,yes,,,obf-label,https://world.openbeautyfacts.org/product/3574660536522/first-touch-shampoo-natusan,Kategorie eher nicht Gesicht
3574661350820,Procomfort,Nett,other,FR,no,no,yes,,,obf-label,https://world.openbeautyfacts.org/product/3574661350820/procomfort-nett,
8720181537868,"Kids bath, wash & shampoo",Neutral,hair,SE,no,no,yes,,,obf-label,https://world.openbeautyfacts.org/product/8720181537868/kids-bath-wash-shampoo-neutral,Kategorie eher nicht Gesicht
1748567444460,Neutral bar soap,Neutral,other,NL,no,no,yes,,,obf-label,https://world.openbeautyfacts.org/product/1748567444460/neutral-bar-soap,
4006000128689,2in1 primer daily UV serum SPF 50+,Nivea Sun,face/skincare,SE,no,no,yes,,,obf-label,https://world.openbeautyfacts.org/product/4006000128689/2in1-primer-daily-uv-serum-spf-50-nivea-sun,
4005900601902,UV Face SPF 50 Sensitive,Nivea Sun,face/skincare,SE,no,no,yes,,,obf-label,https://world.openbeautyfacts.org/product/4005900601902/uv-face-spf-50-sensitive-nivea-sun,
3760214630208,L'Expert,Omum,face/skincare,FR,no,yes,no,,obf-label,,https://world.openbeautyfacts.org/product/3760214630208/l-expert-omum,
3760214630161,L'Intime,Omum,other,FR,no,yes,no,,obf-label,,https://world.openbeautyfacts.org/product/3760214630161/l-intime-omum,
30096189,La Confidente,Omum,face/skincare,FR,no,yes,no,,obf-label,,https://world.openbeautyfacts.org/product/30096189/la-confidente-omum,
3760214630017,La Surdouée,Omum,face/skincare,FR,no,yes,no,,obf-label,,https://world.openbeautyfacts.org/product/3760214630017/la-surdouee-omum,
3760214630024,Le Bienfaiteur,Omum,face/skincare,FR,no,yes,no,,obf-label,,https://world.openbeautyfacts.org/product/3760214630024/le-bienfaiteur-omum,
3760214630031,Le Cajoleur,Omum,other,FR,no,yes,no,,obf-label,,https://world.openbeautyfacts.org/product/3760214630031/le-cajoleur-omum,
3760214630178,Le Coach fermeté,Omum,face/skincare,FR,no,yes,no,,obf-label,,https://world.openbeautyfacts.org/product/3760214630178/le-coach-fermete-omum,
3760214630260,Le Délicat,Omum,other-non-face,FR,no,yes,no,,obf-label,,https://world.openbeautyfacts.org/product/3760214630260/le-delicat-omum,Kategorie eher nicht Gesicht
3760214630185,Ma Jolie Peau,Omum,face/skincare,FR,no,yes,no,,obf-label,,https://world.openbeautyfacts.org/product/3760214630185/ma-jolie-peau-omum,
7310610011345,Idomin,Orkla,other,SE,no,no,yes,,,obf-label,https://world.openbeautyfacts.org/product/7310610011345/idomin-orkla,
4015400622413,Natural clean,P&G,other,FR,no,no,yes,,,obf-label,https://world.openbeautyfacts.org/product/4015400622413/natural-clean-p-g,
4015400621966,Sensitive,P&G,other,FR,no,no,yes,,,obf-label,https://world.openbeautyfacts.org/product/4015400621966/sensitive-p-g,
3760257885412,Shampoing solide sweetie,Pachamamai,unspecified,FR,no,yes,no,,obf-label,,https://world.openbeautyfacts.org/product/3760257885412/shampoing-solide-sweetie-pachamamai,
0010181033056,Shampooing soin formule à l'huile de noix de coco,Palmer's,hair,FR,no,yes,no,,obf-label,,https://world.openbeautyfacts.org/product/0010181033056/shampooing-soin-formule-a-l-huile-de-noix-de-coco-palmer-s,Kategorie eher nicht Gesicht
3455270841216,Shampooing-douche fraicheur senteur Menthe,Phytonorm,hair,FR,no,no,yes,,,obf-label,https://world.openbeautyfacts.org/product/3455270841216/shampooing-douche-fraicheur-senteur-menthe-phytonorm,Kategorie eher nicht Gesicht
3401353648470,Déodorant anti-transpiration alun minéral,Prim'soins,other-non-face,FR,no,no,yes,,,obf-label,https://world.openbeautyfacts.org/product/3401353648470/deodorant-anti-transpiration-alun-mineral-prim-soins,Kategorie eher nicht Gesicht
3172350157158,La savon de Marseille,Proven-Orapi,other,FR,no,no,yes,,,obf-label,https://world.openbeautyfacts.org/product/3172350157158/la-savon-de-marseille-proven-orapi,
3172350157141,Le savon liquide de Marseille,Proven-Orapi,other,FR,no,no,yes,,,obf-label,https://world.openbeautyfacts.org/product/3172350157141/le-savon-liquide-de-marseille-proven-orapi,
5397297038850,Wet wipes for sensitive skin,PS.,other,CZ,no,yes,no,,leaping-bunny,,https://world.openbeautyfacts.org/product/5397297038850/wet-wipes-for-sensitive-skin-ps,OBF-Label crowd-sourced; Siegel vor Launch re-checken
3770002306062,Comme à la plage Crème bonne mine hydratante et autobronzante,Pulpe de vie,face/skincare,FR,no,yes,no,,obf-label,,https://world.openbeautyfacts.org/product/3770002306062/comme-a-la-plage-creme-bonne-mine-hydratante-et-autobronzante-pulpe-de-vie,
5057566118576,Hyaluronic Acid overnight hydrating mask,Revolution,other,FR,no,yes,no,,obf-label,,https://world.openbeautyfacts.org/product/5057566118576/hyaluronic-acid-overnight-hydrating-mask-revolution,
3607349796754,BB Cream matte - 001 claire,Rimmel,face/skincare,FR,yes,no,no,obf-label,,,https://world.openbeautyfacts.org/product/3607349796754/bb-cream-matte-001-claire-rimmel,
3607343730341,BB cream radiance 9 en 1 SPF 20 - 001 claire,Rimmel,face/skincare,FR,yes,no,no,obf-label,,,https://world.openbeautyfacts.org/product/3607343730341/bb-cream-radiance-9-en-1-spf-20-001-claire-rimmel,
3361370627073,MB dermo cold crème Saint-Gervais Mont Blanc,Rivadis,face/skincare,FR,yes,no,yes,obf-label,,obf-label,https://world.openbeautyfacts.org/product/3361370627073/mb-dermo-cold-creme-saint-gervais-mont-blanc-rivadis,
5694520711130,Conditioner Aloe Vera,Safe Formula,hair,FR,no,yes,no,,obf-label,,https://world.openbeautyfacts.org/product/5694520711130/conditioner-aloe-vera-safe-formula,Kategorie eher nicht Gesicht
5694520711123,Shampoo Seaweed,Safe Formula,hair,FR,no,yes,no,,obf-label,,https://world.openbeautyfacts.org/product/5694520711123/shampoo-seaweed-safe-formula,Kategorie eher nicht Gesicht
5025452000601,Salt of the Earth: Effective Natural Deodorant Roll-On: Unscented,Salt of the Earth,other-non-face,SE,no,yes,no,,cfi,,https://world.openbeautyfacts.org/product/5025452000601/salt-of-the-earth-effective-natural-deodorant-roll-on-unscented,OBF-Label crowd-sourced; Siegel vor Launch re-checken; Kategorie eher nicht Gesicht
5060275540057,Instant Glow Mineral Foundation (F06 Caramel),Samina,other,FR,no,yes,no,,obf-label,,https://world.openbeautyfacts.org/product/5060275540057/instant-glow-mineral-foundation-f06-caramel-samina,
5701017418615,Hand soap,Sensitive For You,other,SE,no,no,yes,,,obf-label,https://world.openbeautyfacts.org/product/5701017418615/hand-soap-sensitive-for-you,
8717163711125,(ohne Namen),Seventh generation,unspecified,CZ,no,yes,no,,leaping-bunny,,https://world.openbeautyfacts.org/product/8717163711125/seventh-generation,OBF-Label crowd-sourced; Siegel vor Launch re-checken
4260556673622,Feste Dusche Limette & Zitronengras,share,other,DE,no,yes,no,,obf-label,,https://world.openbeautyfacts.org/product/4260556673622/feste-dusche-limette-zitronengras-share,
3517360016970,Hydra Aloé Vera,So Bio Etic,face/skincare,FR|SE,no,no,yes,,,obf-label,https://world.openbeautyfacts.org/product/3517360016970/hydra-aloe-vera-so-bio-etic,
3770020070006,L'incontournable savon au lait de chèvre parfum amande,Soin Amalthée,face/skincare,FR,no,yes,no,,obf-label,,https://world.openbeautyfacts.org/product/3770020070006/l-incontournable-savon-au-lait-de-chevre-parfum-amande-soin-amalthee,
3770020070020,L'incontournable savon au lait de chèvre parfum rose,Soin Amalthée,face/skincare,FR,no,yes,no,,obf-label,,https://world.openbeautyfacts.org/product/3770020070020/l-incontournable-savon-au-lait-de-chevre-parfum-rose-soin-amalthee,
3770020070013,L'incontournable savon au lait de chèvre parfum thé,Soin Amalthée,face/skincare,FR,no,yes,no,,obf-label,,https://world.openbeautyfacts.org/product/3770020070013/l-incontournable-savon-au-lait-de-chevre-parfum-the-soin-amalthee,
4066447814958,Crema solare 50+ spray,Sun dance,face/skincare,AT|DE|IT,no,no,yes,,,obf-label,https://world.openbeautyfacts.org/product/4066447814958/crema-solare-50-spray-dm,
3401344502200,Cicavit+ Crème,SVR,other,FR,no,no,yes,,,obf-label,https://world.openbeautyfacts.org/product/3401344502200/cicavit-creme-svr,
3401381381691,Topialyse - Crème Émolliente,SVR,other,FR,no,no,yes,,,obf-label,https://world.openbeautyfacts.org/product/3401381381691/topialyse-creme-emolliente-svr,
5600829361105,Active Botanical Eye Contour (15ml),TandheM,face/skincare,PT,no,yes,no,,obf-label,,https://world.openbeautyfacts.org/product/5600829361105/active-botanical-eye-contour-15ml-tandhem-neurocosmetics,
5600829361099,Pro-Aging Essential Face Serum (30 ml),TandheM,face/skincare,PT,no,yes,no,,obf-label,,https://world.openbeautyfacts.org/product/5600829361099/pro-aging-essential-face-serum-30-ml-tandhem-neurocosmetics,
5061087560738,Starter retinol serum,The Inkey List,face/skincare,NL,no,yes,yes,,cfi,obf-label,https://world.openbeautyfacts.org/product/5061087560738/starter-retinol-serum-the-inkey-list,OBF-Label crowd-sourced; Siegel vor Launch re-checken
5060879821989,"Vitamin B, C and E moisturizer",The Inkey List,face/skincare,NL,no,yes,yes,,cfi,obf-label,https://world.openbeautyfacts.org/product/5060879821989/vitamin-b-c-and-e-moisturizer-the-inkey-list,OBF-Label crowd-sourced; Siegel vor Launch re-checken
3504750011028,monoï tiki tahiti,tiare,face/skincare,FR,no,yes,no,,obf-label,,https://world.openbeautyfacts.org/product/3504750011028/monoi-tiki-tahiti-tiare,
0200030071050,Shampoo No Perfume,Tiger,hair,FR,no,no,yes,,,obf-label,https://world.openbeautyfacts.org/product/0200030071050/shampoo-no-perfume-tiger,Kategorie eher nicht Gesicht
8712566934041,Délice Bio Shampooing Vitalité & Eclat aux extraits de thé vert,Timotei,hair,FR,no,no,yes,,,obf-label,https://world.openbeautyfacts.org/product/8712566934041/delice-bio-shampooing-vitalite-eclat-aux-extraits-de-the-vert-unilever,Kategorie eher nicht Gesicht
3700281702040,Gel nettoyant surgras,Topicrem,other,FR,no,no,yes,,,obf-label,https://world.openbeautyfacts.org/product/3700281702040/gel-nettoyant-surgras-topicrem,
0185286000033,Lotion zen grapefruit,Triswim,other,FR,no,yes,no,,obf-label,,https://world.openbeautyfacts.org/product/0185286000033/lotion-zen-grapefruit-triswim,
8410751030942,Tulipán Negro Original Deo Stick,Tulipán Negro,other-non-face,ES,no,yes,no,,obf-label,,https://world.openbeautyfacts.org/product/8410751030942/tulipan-negro-original-deo-stick,Kategorie eher nicht Gesicht
5740500004898,Anti-Dandruff Shampoo,Unilever,hair,SE,no,no,yes,,,obf-label,https://world.openbeautyfacts.org/product/5740500004898/anti-dandruff-shampoo-neutral,Kategorie eher nicht Gesicht
3661434006968,Xemose - Baume Oléo-Apaisant Anti-Grattage,Uriage,other,BE|FR,no,no,yes,,,obf-label,https://world.openbeautyfacts.org/product/3661434006968/xemose-baume-oleo-apaisant-anti-grattage-uriage,
5765228837658,Roll on deo crystal,Urtekram,other-non-face,FR,no,yes,no,,obf-label,,https://world.openbeautyfacts.org/product/5765228837658/roll-on-deo-crystal-urtekram,Kategorie eher nicht Gesicht
5765228837849,Toothpaste Aloe Vera,Urtekram,other-non-face,FI|SE,no,yes,no,,cfi,,https://world.openbeautyfacts.org/product/5765228837849/toothpaste-aloe-vera-urtekram,OBF-Label crowd-sourced; Siegel vor Launch re-checken; Kategorie eher nicht Gesicht
5765228837931,Toothpaste Mint,Urtekram,other-non-face,NL,no,yes,no,,cfi,,https://world.openbeautyfacts.org/product/5765228837931/toothpaste-mint-urtekram,OBF-Label crowd-sourced; Siegel vor Launch re-checken; Kategorie eher nicht Gesicht
5765228837825,Toothpaste tea tree,Urtekram,other-non-face,CZ|DK|ES|FI|FR|IT|PT|SE,no,yes,no,,leaping-bunny,,https://world.openbeautyfacts.org/product/5765228837825/toothpaste-tea-tree-urtekram,OBF-Label crowd-sourced; Siegel vor Launch re-checken; Kategorie eher nicht Gesicht
8712561480369,Vaseline Advanced Repair Intensive Rescue Bodylotion,Vaseline,other,NL,no,no,yes,,,obf-label,https://world.openbeautyfacts.org/product/8712561480369/vaseline-unilever,
0062200809951,Veet Hair Removal Gel Cream,Veet,hair,NL,no,yes,no,,obf-label,,https://world.openbeautyfacts.org/product/0062200809951/veet-hair-removal-gel-cream,Kategorie eher nicht Gesicht
3596200064432,Contour des Yeux hydratant,Weleda,other,FR,no,no,yes,,,obf-label,https://world.openbeautyfacts.org/product/3596200064432/contour-des-yeux-hydratant-weleda,
3596206332825,Crème au calendula,Weleda,face/skincare,FR,no,no,yes,,,obf-label,https://world.openbeautyfacts.org/product/3596206332825/creme-au-calendula-weleda,
3596206289112,Crème à raser,Weleda,other,FR,no,no,yes,,,obf-label,https://world.openbeautyfacts.org/product/3596206289112/creme-a-raser-weleda,
3596200064425,Fluide hydratant 24h,Weleda,other,FR,yes,no,no,obf-label,,,https://world.openbeautyfacts.org/product/3596200064425/fluide-hydratant-24h-weleda,
3401360192539,Fluide matifiant,Weleda,other,FR,yes,no,no,obf-label,,,https://world.openbeautyfacts.org/product/3401360192539/fluide-matifiant-weleda,
3596202092938,Iris Crème de jour hydratante,Weleda,face/skincare,FR,no,no,yes,,,obf-label,https://world.openbeautyfacts.org/product/3596202092938/iris-creme-de-jour-hydratante-weleda,
3596205185095,Savon végétal à la lavande,Weleda,other,FR,no,no,yes,,,obf-label,https://world.openbeautyfacts.org/product/3596205185095/savon-vegetal-a-la-lavande-weleda,
9319871000639,Dentifrice blanchissant Formule Buveurs Café & Thé,White Glo,other-non-face,FR,no,yes,no,,obf-label,,https://world.openbeautyfacts.org/product/9319871000639/dentifrice-blanchissant-formule-buveurs-cafe-the-white-glo,Kategorie eher nicht Gesicht
9319871000622,Dentifrice blanchissant Formule Fumeurs,White Glo,other-non-face,FR,no,yes,no,,obf-label,,https://world.openbeautyfacts.org/product/9319871000622/dentifrice-blanchissant-formule-fumeurs-white-glo,Kategorie eher nicht Gesicht
3800232739757,Natural baby shampoo & body wash,Wooden spoon,hair,BG|HU,no,yes,no,,obf-label,,https://world.openbeautyfacts.org/product/3800232739757/natural-baby-shampoo-body-wash-wooden-spoon,Kategorie eher nicht Gesicht
5903760203146,Cedarwood,YOPE,hair,PL,no,yes,no,,obf-label,,https://world.openbeautyfacts.org/product/5903760203146/cedarwood-yope,Kategorie eher nicht Gesicht
3660005548890,Pur Bleuet,Yves Rocher,face/skincare,FR,no,no,yes,,,obf-label,https://world.openbeautyfacts.org/product/3660005548890/pur-bleuet-yves-rocher,
8710444217408,Suncare,Zenova,face/skincare,FR,no,no,yes,,,obf-label,https://world.openbeautyfacts.org/product/8710444217408/suncare-zenova,
3760354680255,Baume de tamanu,Zenzitude,face/skincare,FR,no,yes,no,,obf-label,,https://world.openbeautyfacts.org/product/3760354680255/baume-de-tamanu-zenzitude,
3760354680293,beurre de karité bio,Zenzitude,face/skincare,FR,no,yes,no,,obf-label,,https://world.openbeautyfacts.org/product/3760354680293/beurre-de-karite-bio-zenzitude,
3760354680286,beurre de karité bio,Zenzitude,face/skincare,FR,no,yes,no,,obf-label,,https://world.openbeautyfacts.org/product/3760354680286/beurre-de-karite-bio-zenzitude,
3760354680095,bougie de massage fleur de tiaré,Zenzitude,face/skincare,FR,no,yes,no,,obf-label,,https://world.openbeautyfacts.org/product/3760354680095/bougie-de-massage-fleur-de-tiare-zenzitude,
3760354680101,Bougie de massage pomme d'amour,Zenzitude,face/skincare,FR,no,yes,no,,obf-label,,https://world.openbeautyfacts.org/product/3760354680101/bougie-de-massage-pomme-d-amour-zenzitude,
3760354680118,bougie de massage vanille tonka,Zenzitude,face/skincare,FR,no,yes,no,,obf-label,,https://world.openbeautyfacts.org/product/3760354680118/bougie-de-massage-vanille-tonka-zenzitude,
3760354680279,Coffret occitan,Zenzitude,face/skincare,FR,no,yes,no,,obf-label,,https://world.openbeautyfacts.org/product/3760354680279/coffret-occitan-zenzitude,
3760354680163,huile de chanvre bio,Zenzitude,face/skincare,FR,no,yes,no,,obf-label,,https://world.openbeautyfacts.org/product/3760354680163/huile-de-chanvre-bio-zenzitude,
3760354680132,huile de tamanu,Zenzitude,face/skincare,FR,no,yes,no,,obf-label,,https://world.openbeautyfacts.org/product/3760354680132/huile-de-tamanu-zenzitude,
3760354680019,huile démaquillante passion,Zenzitude,face/skincare,FR,no,yes,no,,obf-label,,https://world.openbeautyfacts.org/product/3760354680019/huile-demaquillante-passion-zenzitude,
3760354680248,huile démaquillante vanille,Zenzitude,face/skincare,FR,no,yes,no,,obf-label,,https://world.openbeautyfacts.org/product/3760354680248/huile-demaquillante-vanille-zenzitude,
3760354680231,Macérât de calendula,Zenzitude,face/skincare,FR,no,yes,no,,obf-label,,https://world.openbeautyfacts.org/product/3760354680231/macerat-de-calendula-zenzitude,
3760354680323,savon cléananas,Zenzitude,face/skincare,FR,no,yes,no,,obf-label,,https://world.openbeautyfacts.org/product/3760354680323/savon-cleananas-zenzitude,
3760354680002,savon du bonheur,Zenzitude,other,FR,no,yes,no,,obf-label,,https://world.openbeautyfacts.org/product/3760354680002/savon-du-bonheur-zenzitude,
3760354680347,Savon exfoliant,Zenzitude,face/skincare,FR,no,yes,no,,obf-label,,https://world.openbeautyfacts.org/product/3760354680347/savon-exfoliant-zenzitude,
3760354680330,savon rasage,Zenzitude,other,FR,no,yes,no,,obf-label,,https://world.openbeautyfacts.org/product/3760354680330/savon-rasage-zenzitude,
3760354680309,Savon tamanu,Zenzitude,face/skincare,FR,no,yes,no,,obf-label,,https://world.openbeautyfacts.org/product/3760354680309/savon-tamanu-zenzitude,
3760354680316,Savon zenzitude,Zenzitude,face/skincare,FR,no,yes,no,,obf-label,,https://world.openbeautyfacts.org/product/3760354680316/savon-zenzitude,
,Bioderma Sensibio H2O,Bioderma,face/skincare,DE|AT|FR|EU,no,no,yes,,,claim,https://www.bioderma.de/unsere-produkte/sensibio/h2o,Claim: 'Unparfümiert'
,Bioderma Sébium Gel moussant,Bioderma,face/skincare,DE|AT|FR|EU,yes,no,no,brand-page,,,https://www.bioderma.de/unsere-produkte/sebium/gel-moussant,Claim: 'Nicht komedogen'; Seite sagt auch 'Leichter frischer Duft' → nicht parfümfrei
,Bioderma Sébium H2O,Bioderma,face/skincare,DE|AT|FR|EU,yes,no,no,brand-page,,,https://www.bioderma.de/unsere-produkte/sebium/h2o,Claim: 'Nicht komedogen'
,CeraVe Ausgleichender Reinigungsschaum,CeraVe,face/skincare,DE|AT|EU,yes,no,yes,brand-page,,claim,https://www.cerave.de/hautpflege/reinigung-fuer-gesicht-und-koerper/ausgleichender-reinigungsschaum,Claim: 'Nicht komedogene Formel' + 'ohne Duftstoffe oder Parabene'
,CeraVe Feuchtigkeitsspendendes HA Water Gel,CeraVe,face/skincare,DE|AT|EU,yes,no,yes,brand-page,,claim,https://www.cerave.de/hautpflege/gesichtspflege/feuchtigkeitsspendendes-ha-water-gel,Claim: 'nicht komedogen … und ohne Duftstoffe' / 'ohne Parfüm'; INCI ohne Parfum/Fragrance geprüft auf Produktseite
,Cetaphil Feuchtigkeitscreme,Cetaphil,face/skincare,DE|AT|EU,yes,no,yes,brand-page,,claim,https://www.cetaphil.de/produktkategorie/feuchtigkeitspflege/feuchtigkeitscreme/1874015.html,Claim: 'Nicht komedogen' + 'Ohne Parfüm'; INCI ohne Parfum
,Cetaphil Sanfte Reinigungslotion,Cetaphil,face/skincare,DE|AT|EU,yes,no,yes,brand-page,,claim,https://www.cetaphil.de/produktkategorie/reinigung/reinigungslotion/7127319.html,Claim: 'Nicht komedogen' + 'duftstofffreie Reinigungslotion'
,Cetaphil Sanfte Tagespflege mit Hyaluronsäure,Cetaphil,face/skincare,DE|AT|EU,yes,no,yes,brand-page,,claim,https://www.cetaphil.de/produktkategorie/feuchtigkeitspflege/tagespflege-mit-hyalurons%C3%A4ure/14136571.html,Claim: 'Nicht komedogen' + 'Ohne Duftstoffe'
,Eucerin AtopiControl Beruhigende Gesichtscreme,Eucerin,face/skincare,DE|AT|EU,no,no,yes,,,claim,https://www.eucerin.de/produkte/atopicontrol/beruhigende-gesichtscreme,Claim: frei von Duftstoffen; kein NC-Claim auf Seite gefunden
,Eucerin DERMOPURE CLINICAL Hydra Repair,Eucerin,face/skincare,DE|AT|EU,yes,no,yes,brand-page,,claim,https://www.eucerin.de/produkte/dermopure-clinical/hydra-repair,Claim: 'Nicht komedogen' + 'Ohne Duftstoffe'
,Eucerin DERMOPURE CLINICAL Klärendes Tonic,Eucerin,face/skincare,DE|AT|EU,yes,no,yes,brand-page,,claim,https://www.eucerin.de/produkte/dermopure-clinical/klaerendes-tonic,Claim: 'Nicht komedogen' + 'Ohne Duftstoffe'
,Eucerin DERMOPURE CLINICAL Mat Fluid,Eucerin,face/skincare,DE|AT|EU,yes,no,no,brand-page,,,https://www.eucerin.de/produkte/dermopure-clinical/mat-fluid,Claim: 'Nicht komedogen'; Parfümfrei nicht in Fetch bestätigt → FF=no
,Eucerin DERMOPURE CLINICAL Porenverfeinerndes Reinigungsgel,Eucerin,face/skincare,DE|AT|EU,yes,no,yes,brand-page,,claim,https://www.eucerin.de/produkte/dermopure-clinical/porenverfeinerndes-reinigungsgel,Claim: 'Nicht komedogen'; 'Frei von Duftstoffen'
,La Roche-Posay Toleriane Sensitive Crème,La Roche-Posay,face/skincare,FR|DE|AT|EU,yes,no,yes,brand-page,,claim,https://www.laroche-posay.fr/gammes/visage/toleriane/toleriane-sensitive-creme.-soin-hydratant-apaisant-protecteur/LRP_128.html,Claim laut Markenseite (Snippet): 'Non comédogène' + 'SANS PARFUM'; Direktabruf Cloudflare-blockiert — vor Launch Seite erneut öffnen
,Vichy NORMADERM Anti-Age,Vichy,face/skincare,DE|AT|EU,yes,no,no,brand-page,,,https://www.vichy.de/alle-produkte/hautpflege/tagescremes/akne/normaderm-anti-age,Claim: 'nicht komedogen'; INCI enthält PARFUM/FRAGRANCE → FF=no
,17,17,brand,Europe,no,yes,no,,cfi,,https://www.crueltyfreeinternational.org/approved-brands/listing/17/,"Marke CFI, SKUs nicht enumeriert"
,7th Heaven,7th Heaven,brand,Europe+,no,yes,no,,cfi,,https://www.crueltyfreeinternational.org/approved-brands/listing/7th-heaven/,"Marke CFI, SKUs nicht enumeriert"
,Abundant Natural Health,Abundant Natural Health,brand,AU/US (nicht primär EU),no,yes,no,,cfi,,https://www.crueltyfreeinternational.org/approved-brands/,"Marke CFI, SKUs nicht enumeriert; Region laut Quelle: AU/US (nicht primär EU)"
,Addition Studio,Addition Studio,brand,AU/US,no,yes,no,,cfi,,https://www.crueltyfreeinternational.org/approved-brands/,"Marke CFI, SKUs nicht enumeriert; Region laut Quelle: AU/US"
,Aesop,Aesop,brand,global inkl. EU,no,yes,no,,cfi,,https://www.crueltyfreeinternational.org/approved-brands/listing/aesop/,"Marke CFI, SKUs nicht enumeriert"
,Aldi UK (Eigenmarken),Aldi UK,brand,Europe,no,yes,no,,cfi,,https://www.crueltyfreeinternational.org/approved-brands/listing/aldi-uk/,"Marke CFI, SKUs nicht enumeriert"
,Anara Skincare,Anara Skincare,brand,Europe,no,yes,no,,cfi,,https://www.crueltyfreeinternational.org/approved-brands/,"Marke CFI, SKUs nicht enumeriert"
,Aqua Natural,Aqua Natural,brand,Europe,no,yes,no,,cfi,,https://www.crueltyfreeinternational.org/approved-brands/,"Marke CFI, SKUs nicht enumeriert"
,AREU AREU,AREU AREU,brand,Asia,no,yes,no,,cfi,,https://www.crueltyfreeinternational.org/approved-brands/,"Marke CFI, SKUs nicht enumeriert; Region laut Quelle: Asia"
,Argital,Argital,brand,Asia|Europe,no,yes,no,,cfi,,https://www.crueltyfreeinternational.org/approved-brands/listing/argital/,"Marke CFI, SKUs nicht enumeriert"
,BRAVE.NEW.HAIR. / BRAVE.NEW.CARE.,BRAVE.NEW.HAIR. / BRAVE.NEW.CARE.,brand,?,no,yes,no,,cfi,,https://www.crueltyfreeinternational.org/approved-brands/listing/aesop/,"Marke CFI, SKUs nicht enumeriert; Name aus Prev/Next-Navigation einer Listing-Seite — eigene Listing-URL vor Launch bestätigen; Region laut Quelle: ?"
,Ethique,Ethique,brand,global,no,yes,no,,cfi,,https://www.crueltyfreeinternational.org/approved-brands/listing/facetheory/,"Marke CFI, SKUs nicht enumeriert; Name aus Prev/Next-Navigation einer Listing-Seite — eigene Listing-URL vor Launch bestätigen"
,Facetheory,Facetheory,brand,UK/EU,no,yes,no,,cfi,,https://www.crueltyfreeinternational.org/approved-brands/listing/facetheory/,"Marke CFI, SKUs nicht enumeriert"
,FatFace,FatFace,brand,Europe?,no,yes,no,,cfi,,https://www.crueltyfreeinternational.org/approved-brands/listing/made-of-more/,"Marke CFI, SKUs nicht enumeriert; Name aus Prev/Next-Navigation einer Listing-Seite — eigene Listing-URL vor Launch bestätigen"
,Gaia Skincare,Gaia Skincare,brand,?,no,yes,no,,cfi,,https://www.crueltyfreeinternational.org/approved-brands/listing/skin-formulas/,"Marke CFI, SKUs nicht enumeriert; Name aus Prev/Next-Navigation einer Listing-Seite — eigene Listing-URL vor Launch bestätigen; Region laut Quelle: ?"
,Helan,Helan,brand,Europe+,no,yes,no,,cfi,,https://www.crueltyfreeinternational.org/approved-brands/listing/helan/,"Marke CFI, SKUs nicht enumeriert"
,Lanolips,Lanolips,brand,?,no,yes,no,,cfi,,https://www.crueltyfreeinternational.org/approved-brands/listing/mua-make-up-academy/,"Marke CFI, SKUs nicht enumeriert; Name aus Prev/Next-Navigation einer Listing-Seite — eigene Listing-URL vor Launch bestätigen; Region laut Quelle: ?"
,Lucy Bee,Lucy Bee,brand,Europe+,no,yes,no,,cfi,,https://www.crueltyfreeinternational.org/approved-brands/listing/manufaktura/,"Marke CFI, SKUs nicht enumeriert; Name aus Prev/Next-Navigation einer Listing-Seite — eigene Listing-URL vor Launch bestätigen"
,Made Of More,Made Of More,brand,Europe,no,yes,no,,cfi,,https://www.crueltyfreeinternational.org/approved-brands/listing/made-of-more/,"Marke CFI, SKUs nicht enumeriert"
,Manufaktura,Manufaktura,brand,Europe,no,yes,no,,cfi,,https://www.crueltyfreeinternational.org/approved-brands/listing/manufaktura/,"Marke CFI, SKUs nicht enumeriert"
,Maria Nila,Maria Nila,brand,Europe+,no,yes,no,,cfi,,https://www.crueltyfreeinternational.org/approved-brands/listing/manufaktura/,"Marke CFI, SKUs nicht enumeriert; Name aus Prev/Next-Navigation einer Listing-Seite — eigene Listing-URL vor Launch bestätigen"
,Mienna Cosmetics Ltd,Mienna Cosmetics Ltd,brand,Europe,no,yes,no,,cfi,,https://www.crueltyfreeinternational.org/approved-brands/listing/mienna-cosmetics-ltd/,"Marke CFI, SKUs nicht enumeriert"
,Modern Botany,Modern Botany,brand,?,no,yes,no,,cfi,,https://www.crueltyfreeinternational.org/approved-brands/listing/17/,"Marke CFI, SKUs nicht enumeriert; Name aus Prev/Next-Navigation einer Listing-Seite — eigene Listing-URL vor Launch bestätigen; Region laut Quelle: ?"
,MUA Makeup Academy,MUA Makeup Academy,brand,UK/EU retail,no,yes,no,,cfi,,https://www.crueltyfreeinternational.org/approved-brands/listing/mua-make-up-academy/,"Marke CFI, SKUs nicht enumeriert"
,Nakin,Nakin,brand,?,no,yes,no,,cfi,,https://www.crueltyfreeinternational.org/approved-brands/listing/7th-heaven/,"Marke CFI, SKUs nicht enumeriert; Name aus Prev/Next-Navigation einer Listing-Seite — eigene Listing-URL vor Launch bestätigen; Region laut Quelle: ?"
,Organicspa,Organicspa,brand,?,no,yes,no,,cfi,,https://www.crueltyfreeinternational.org/approved-brands/listing/the-inkey-list/,"Marke CFI, SKUs nicht enumeriert; Name aus Prev/Next-Navigation einer Listing-Seite — eigene Listing-URL vor Launch bestätigen; Region laut Quelle: ?"
,Oxmantown Skincare,Oxmantown Skincare,brand,Europe,no,yes,no,,cfi,,https://www.crueltyfreeinternational.org/approved-brands/listing/oxmantown-skincare/,"Marke CFI, SKUs nicht enumeriert"
,Pai Skincare,Pai Skincare,brand,Europe,no,yes,no,,cfi,,https://www.crueltyfreeinternational.org/approved-brands/listing/pai-skincare/,"Marke CFI, SKUs nicht enumeriert"
,Skin Formulas,Skin Formulas,brand,Europe,no,yes,no,,cfi,,https://www.crueltyfreeinternational.org/approved-brands/listing/skin-formulas/,"Marke CFI, SKUs nicht enumeriert"
,Superdrug (Eigenmarken),Superdrug,brand,Europe,no,yes,no,,cfi,,https://www.crueltyfreeinternational.org/approved-brands/listing/superdrug/,"Marke CFI, SKUs nicht enumeriert"
,Synergie Skin,Synergie Skin,brand,?,no,yes,no,,cfi,,https://www.crueltyfreeinternational.org/approved-brands/listing/superdrug/,"Marke CFI, SKUs nicht enumeriert; Name aus Prev/Next-Navigation einer Listing-Seite — eigene Listing-URL vor Launch bestätigen; Region laut Quelle: ?"
,The INKEY List,The INKEY List,brand,Europe+,no,yes,no,,cfi,,https://www.crueltyfreeinternational.org/approved-brands/listing/the-inkey-list/,"Marke CFI, SKUs nicht enumeriert"
,The Skin Edition,The Skin Edition,brand,?,no,yes,no,,cfi,,https://www.crueltyfreeinternational.org/approved-brands/listing/aesop/,"Marke CFI, SKUs nicht enumeriert; Name aus Prev/Next-Navigation einer Listing-Seite — eigene Listing-URL vor Launch bestätigen; Region laut Quelle: ?"
